[
    {
        "id": 1,
        "image": "avatar-01.jpg",
        "name": "Lesley Grauer",
        "description": "added new task",
        "description1": "Hospital Administration",
        "time": "4 mins ago"
    },
    {
        "id": 2,
        "image": "avatar-16.jpg",
        "name": "Jeffery Lalor",a
        "description": "added",
        "description1": "Loren Gatlin and Tarah Shrosphire to project Patient appointment booking",
        "time": "6 mins ago"
    },
    {
        "id": 3,
        "image": "avatar-08.jpg",
        "name": "Catherine Manseau",
        "description": "completed task",
        "description1": "Appointment booking with payment gateway",
        "time": "12 mins ago"
    },
    {
        "id": 4,
        "image": "avatar-13.jpg",
        "name": "Bernardo Galaviz",
        "description": "changed the task name",
        "description1": "Doctor available module",
        "time": "1 day ago"
    },
    {
        "id": 5,
        "image": "avatar-05.jpg",
        "name": "Mike Litorus",
        "description": "added new task",
        "description1": "Patient and Doctor video conferencing",
        "time": "2 days ago"
    },
    {
        "id": 6,
        "image": "avatar-16.jpg",
        "name": "Jeffery Lalor",
        "description": "added",
        "description1": "Jeffrey Warden and Bernardo Galaviz to the task of Private chat module",
        "time": "7 days ago"
    }
]
