[
    {
        "id": 1,
        "invoiceid": "#INV-0001",
        "client": "Global Technologies",
        "duedate": "11 Mar 2019",
        "total": "$380",
        "status": "Partially Paid",
        "paymenttype": "Paypal"
    },
    {
        "id": 2,
        "invoiceid": "#INV-0002",
        "client": "Delta Infotech",
        "duedate": "8 Feb 2019",
        "total": "$500",
        "status": "Paid",
        "paymenttype": "Paypal"
    },
    {
        "id": 3,
        "invoiceid": "#INV-0003",
        "client": "Cream Inc",
        "duedate": "23 Jan 2019",
        "total": "$60",
        "status": "Unpaid",
        "paymenttype": "Paypal"
    }
]