[
    {
        "id": 1,
        "image": "avatar-19.jpg",
        "name": "Barry Cuda",
        "name1": "CEO",
        "email": "barrycuda@example.com",
        "status": "Active"
    },
    {
        "id": 2,
        "image": "avatar-19.jpg",
        "name": "Tressa Wexler",
        "name1": "Managaer",
        "email": "tressawexler@example.com",
        "status": "Inactive"
    },
    {
        "id": 3,
        "image": "avatar-07.jpg",
        "name": "Ruby Bartlett",
        "name1": "CEO",
        "email": "rubybartlett@example.com",
        "status": "Inactive"
    },
    {
        "id": 4,
        "image": "avatar-06.jpg",
        "name": "Misty Tison",
        "name1": "CEO",
        "email": "mistytison@example.com",
        "status": "Active"
    },
    {
        "id": 5,
        "image": "avatar-14.jpg",
        "name": "Daniel Deacon",
        "name1": "CEO",
        "email": "danieldeacon@example.com",
        "status": "Inactive"
    }
]