[
    {
        "id": 1,
        "name": "Office Management",
        "no": "1",
        "nodescribe": "open tasks",
        "no1": "9",
        "no1describe": "taks completed"
    },
    {
        "id": 2,
        "name": "Project Management",
        "no": "2",
        "nodescribe": "open tasks",
        "no1": "5",
        "no1describe": "taks completed"
    },
    {
        "id": 3,
        "name": "Video Calling App",
        "no": "3",
        "nodescribe": "open tasks",
        "no1": "3",
        "no1describe": "taks completed"
    },
    {
        "id": 4,
        "name": "Hospital Administration",
        "no": "12",
        "nodescribe": "open tasks",
        "no1": "4",
        "no1describe": "taks completed"
    },
    {
        "id": 5,
        "name": "Digital Marketplace",
        "no": "7",
        "nodescribe": "open tasks",
        "no1": "14",
        "no1describe": "taks completed"
    }
]