[
    {
        "id": 1,
        "image": "avatar-02.jpg",
        "no": "1",
        "name": "John Doe",
        "name1": "Web Designer",
        "jobtitle": "Web Developer",
        "department": "Development",
        "category1": "html-1",
        "category2": "Level1-0",
        "totalmark": "1",
        "status": "Action pending"
    },
    {
        "id": 2,
        "image": "avatar-09.jpg",
        "no": "2",
        "name": "Richard Miles",
        "name1": "Web Developer",
        "jobtitle": "Web Designer",
        "department": "Designing",
        "category1": "html-1",
        "category2": "Level1-0",
        "totalmark": "1",
        "status": "Action pending"
    },
    {
        "id": 3,
        "image": "avatar-10.jpg",
        "no": "1",
        "name": "John Smith",
        "name1": "Android Developer",
        "jobtitle": "Android Developer",
        "department": "Android",
        "category1": "html-",
        "category1no": "1",
        "category2": "Level1-",
        "category2no": "0",
        "totalmark": "1",
        "status": "Action pending"
    }
]