[
    {
        "id": 1,
        "budgetno": "1",
        "budgettitle": "Tender",
        "budgettype": "Project",
        "startdate": "01 Jan 2021",
        "enddate": "31 Dec 2021",
        "totalrevenue": "2500000",
        "totalexpenses": "1500000",
        "taxamount": "10",
        "budgetamount": "999990"
    },
    {
        "id": 2,
        "budgetno": "2",
        "budgettitle": "Project",
        "budgettype": "Project",
        "startdate": "01 Feb 2021",
        "enddate": "30 Apr 2021",
        "totalrevenue": "100000",
        "totalexpenses": "50000",
        "taxamount": "1000",
        "budgetamount": "49000"
    }
]