[
    {
        "id": 1,
        "no": "1",
        "image": "avatar-02.jpg",
        "name": "John Doe",
        "mobileno": "9876543210",
        "email": "johndoe@example.com",
        "createddate": "1 Jan 2013"
    },
    {
        "id": 2,
        "no": "2",
        "image": "avatar-09.jpg",
        "name": "Richard Miles",
        "mobileno": "9876543210",
        "email": "richardmiles@example.com",
        "createddate": "18 Mar 2014"
    },
    {
        "id": 3,
        "no": "3",
        "image": "avatar-10.jpg",
        "name": "John Smith",
        "mobileno": "9876543210",
        "email": "johnsmith#example.com",
        "createddate": "1 Apr 2014"
    }
]