[
    {
        "id": 1,
        "name": "Office Management",
        "no": "1",
        "task": "open tasks,",
        "no1": "9",
        "task1": "tasks completed"
    },
    {
        "id": 2,
        "name": "Project Management",
        "no": "2",
        "task": "open tasks",
        "no1": "5",
        "task1": "tasks completed"
    },
    {
        "id": 3,
        "name": "Video Calling App",
        "no": "3",
        "task": "open tasks",
        "no1": "3",
        "task1": "tasks completed"
    },
    {
        "id": 4,
        "name": "Hospital Administration",
        "no": "12",
        "task": "open tasks",
        "no1": "4",
        "task1": "tasks completed"
    }
]