[
    {
        "id": 1,
        "image": "avatar-02.jpg",
        "name": "John Doe",
        "description": "Web Developer"
    },
    {
        "id": 2,
        "image": "avatar-09.jpg",
        "name": "Richard Miles",
        "description": "Web Developer"
    },
    {
        "id": 3,
        "image": "avatar-10.jpg",
        "name": "John Smith",
        "description": "Android Developer"
    },
    {
        "id": 4,
        "image": "avatar-05.jpg",
        "name": "Mike Litorus",
        "description": "IOS Developer"
    },
    {
        "id": 5,
        "image": "avatar-11.jpg",
        "name": "Wilmer Deluna",
        "description": "Team Leader"
    },
    {
        "id": 6,
        "image": "avatar-12.jpg",
        "name": "Jeffery Warden",
        "description": "Web Developer"
    },
    {
        "id": 7,
        "image": "avatar-13.jpg",
        "name": "Bernardo Galaviz",
        "description": "Web Developer"
    },
    {
        "id": 8,
        "image": "avatar-01.jpg",
        "name": "Lesley Grauer",
        "description": "Team Leader"
    },
    {
        "id": 9,
        "image": "avatar-16.jpg",
        "name": "Jeffery Lalor",
        "description": "Team Leader"
    }
]