[
    {
        "id": 1,
        "name": "Airi Satou",
        "position": "Accountant",
        "office": "Tokyo",
        "age": "33",
        "salary": "$162,700"
    },
    {
        "id": 2,
        "name": "Angelica Ramos",
        "position": "Chief Executive Officer(CEO)",
        "office": "London",
        "age": "47",
        "salary": "$1,200,000"
    },
    {
        "id": 3,
        "name": "Ashton Cox",
        "position": "Junior Technical Author",
        "office": "San Francisco",
        "age": "66",
        "salary": "$86,000"
    },
    {
        "id": 4,
        "name": "Bradley Greer",
        "position": "Software Engineer",
        "office": "London",
        "age": "41",
        "salary": "$132,000"
    },
    {
        "id": 5,
        "name": "Brenden Wagner",
        "position": "Software Engineer",
        "office": "San Francisco",
        "age": "28",
        "salary": "$206,850"
    },
    {
        "id": 6,
        "name": "Brielle Williamson",
        "position": "Integration Specialist",
        "office": "New York",
        "age": "61",
        "salary": "$372,000"
    },
    {
        "id": 7,
        "name": "Caesar Vance",
        "position": "Pre-Sales Support",
        "office": "New York",
        "age": "21",
        "salary": "$106,450"
    },
    {
        "id": 8,
        "name": "Cedric Kelly",
        "position": "Senior Javascript Developer",
        "office": "Edinburgh",
        "age": "22",
        "salary": "$433,060"
    },
    {
        "id": 9,
        "name": "Charde Marshall",
        "position": "Regional Director",
        "office": "San Francisco",
        "age": "36",
        "salary": "$470,600"
    },
    {
        "id": 10,
        "name": "Colleen Hurst",
        "position": "Javascript Developer",
        "office": "San Francisco",
        "age": "39",
        "salary": "$205,500"
    },
    {
        "id": 11,
        "name": "Dai Rios",
        "position": "Personnel Lead",
        "office": "Edinburgh",
        "age": "35",
        "salary": "$217,500"
    },
    {
        "id": 12,
        "name": "Doris Wilder",
        "position": "Sales Assistant",
        "office": "Sidney",
        "age": "23",
        "salary": "$85,600"
    },
    {
        "id": 13,
        "name": "Fiona Green",
        "position": "Chief Operating Officer(COO)",
        "office": "San Francisco",
        "age": "48",
        "salary": "$850,000"
    },
    {
        "id": 14,
        "name": "Garrett Winters",
        "position": "Accountant",
        "office": "Tokyo",
        "age": "63",
        "salary": "$170,750"
    },
    {
        "id": 15,
        "name": "Gavin Joyce",
        "position": "Developer",
        "office": "Edinburgh",
        "age": "42",
        "salary": "$92,575"
    },
    {
        "id": 16,
        "name": "Gloria Little",
        "position": "System Administrator",
        "office": "New York",
        "age": "59",
        "salary": "$237,500"
    },
    {
        "id": 17,
        "name": "Haley Kennedy",
        "position": "Senior Marketing Designer",
        "office": "London",
        "age": "43",
        "salary": "$313,500"    
    },
    {
        "id": 18,
        "name": "Herrod Chandlet",
        "position": "Sales Assistant",
        "office": "San Francisco",
        "age": "59",
        "salary": "$137,500" 
    },
    {
        "id": 19,
        "name": "Jena Gaines",
        "position": "Office Manager",
        "office": "London",
        "age": "30",
        "salary": "$90,560" 
    },
    {
        "id": 20,
        "name": "Jenette Caldwell",
        "position": "Development Lead",
        "office": "New York",
        "age": "30",
        "salary": "$345,000"
    },
    {
        "id": 21,
        "name": "Jennifer Chang",
        "position": "Regional Director",
        "office": "Singapore",
        "age": "28",
        "salary": "$357,650"
    },
    {
        "id": 22,
        "name": "Michael Silva",
        "position": "Marketing Designer",
        "office": "London",
        "age": "66",
        "salary": "$198,500"
    },
    {
        "id": 23,
        "name": "Paul Byrd",
        "position": "Chief Financial Officer(CFO)",
        "office": "New York",
        "age": "64",
        "salary": "$725,000"
    },
    {
        "id": 24,
        "name": "Quinn Flynn",
        "position": "Support Lead",
        "office": "Edinburgh",
        "age": "22",
        "salary": "$342,000"
    },
    {
        "id": 14,
        "name": "Rhona Davidson",
        "position": "Integeration Specialist",
        "office": "Tokyo",
        "age": "55",
        "salary": "$327,900"
    },
    {
        "id": 15,
        "name": "Shou ltou",
        "position": "Regional Marketing",
        "office": "Tokyo",
        "age": "20",
        "salary": "$163,000"
    },
    {
        "id": 16,
        "name": "Sonya Frost",
        "position": "Software Engineer",
        "office": "Edinburgh",
        "age": "23",
        "salary": "$103,600"
    },
    {
        "id": 17,
        "name": "Tatyana Fitzpatrick",
        "position": "Regional Director",
        "office": "London",
        "age": "19",
        "salary": "$385,750"    
    },
    {
        "id": 18,
        "name": "Tiger Nixon",
        "position": "System Architect",
        "office": "Edinburgh",
        "age": "61",
        "salary": "$320,800" 
    },
    {
        "id": 19,
        "name": "Yuri Berry",
        "position": "Chief Marketing Officer(CMO)",
        "office": "New York",
        "age": "40",
        "salary": "$675,00" 
    }
]