[
    {
        "id": 1,
        "image": "avatar-02.jpg",
        "name": "John Doe",
        "number": "#0001",
        "employeetype": "Employee",
        "email": "johndoe@example.com",
        "department": "Design",
        "designation": "UI Design",
        "joiningdate": "20 Aug 2020",
        "dob": "03 Mar 1992",
        "marriedstatus": "Married",
        "gender": "Male",
        "terminateddate": "-",
        "releivingdate": "-",
        "salary": "$20000",
        "address": "1861 Bayonne Ave,Manchester Township,NJ, 08759",
        "contactnumber": "9876543210",
        "emergency": "7894561235",
        "experience": "0 years 4 months and 9 days",
        "active": "Active"
    },
    {
        "id": 2,
        "image": "avatar-09.jpg",
        "name": "John Smith",
        "number": "#003",
        "employeetype": "Employee",
        "email": "johnsmith@example.com",
        "department": "IOS Developer",
        "designation": "Development Manager",
        "joiningdate": "03 Sep 2020",
        "dob": "16 Apr 1984",
        "marriedstatus": "Married",
        "gender": "Male",
        "terminateddate": "-",
        "releivingdate": "-",
        "salary": "$27000",
        "address": "1861 Bayonne Ave,Manchester Township,NJ, 08759",
        "contactnumber": "9876543210",
        "emergency": "7894561235",
        "experience": "0 years 3 months and 21 days",
        "active": "Active"
    },
    {
        "id": 3,
        "image": "avatar-10.jpg",
        "name": "Mike Litorus",
        "number": "#004",
        "employeetype": "Employee",
        "email": "mikelitorus@example.com",
        "department": "Web Developer",
        "designation": "IT Support",
        "joiningdate": "15 Nov 2020",
        "dob": "15 Jul 2005",
        "marriedstatus": "Single",
        "gender": "Male",
        "terminateddate": "-",
        "releivingdate": "-",
        "salary": "$15000",
        "address": "1861 Bayonne Ave,Manchester Township,NJ, 08759",
        "contactnumber": "9876543210",
        "emergency": "7894561235",
        "experience": "0 years 1 months and 9 days",
        "active": "Active"
    },
    {
        "id": 4,
        "image": "avatar-05.jpg",
        "name": "Richard Miles",
        "number": "#0002",
        "employeetype": "Employee",
        "email": "richardmiles@example.com",
        "department": "Android Developer",
        "designation": "IT Support",
        "joiningdate": "01 Jul 2020",
        "dob": "05 Dec 1979",
        "marriedstatus": "Married",
        "gender": "Male",
        "terminateddate": "-",
        "releivingdate": "-",
        "salary": "$15000",
        "address": "1861 Bayonne Ave,Manchester Township,NJ, 08759",
        "contactnumber": "9876543210",
        "emergency": "7894561235",
        "experience": "0 years 5 months and 24 days",
        "active": "Active"
    },
    {
        "id": 5,
        "image": "avatar-11.jpg",
        "name": "Wilmer Deluna",
        "number": "#005",
        "employeetype": "Employee",
        "email": "wilmerdeluna@example.com",
        "department": "Team Leader",
        "designation": "Development Manager",
        "joiningdate": "01 Dec 2020",
        "dob": "21 Jun 1984",
        "marriedstatus": "Married",
        "gender": "Male",
        "terminateddate": "-",
        "releivingdate": "-",
        "salary": "$25000",
        "address": "1861 Bayonne Ave,Manchester Township,NJ, 08759",
        "contactnumber": "9876543210",
        "emergency": "7894561235",
        "experience": "0 years 0 months and 24 days",
        "active": "Active"
    }
]