[
    {
        "id": 1,
        "pdf": "Sample.pdf",
        "size": "10.45kb",
        "changed": "Last Modified",
        "changecontent": "1 min ago"
    },
    {
        "id": 2,
        "pdf": "Document.docx",
        "size": "22.67kb",
        "changed": "Last Modified",
        "changecontent": "30 mins ago"
    },
    {
        "id": 3,
        "pdf": "icon.png",
        "size": "12.47kb",
        "changed": "Last Modified",
        "changecontent": "1 hour ago"
    },
    {
        "id": 4,
        "pdf": "Users.xls",
        "size": "35.11kb",
        "changed": "Last Modified",
        "changecontent": "23 Jul 6.30 PM"
    }
]