[
   {
        "id": 1,
        "pdf": "Updates.docx",
        "size": "12mb",
        "changecontent": "9 Aug 1:17 PM"
    },
    {
        "id": 2,
        "pdf": "Vision.ppt",
        "size": "72.50KB",
        "changecontent": "6 Aug 11:42 AM"
    },
    {
        "id": 3,
        "pdf": "Voice.mp3",
        "size": "2.17mb",
        "changecontent": "30 Jul 9:00 PM"
    },
    {
        "id": 4,
        "pdf": "Tutorials.pdf",
        "size": "8.2mb",
        "changecontent": "21 Jul 10:45 PM"
    },
    {
        "id": 5,
        "pdf": "Tasks.xls",
        "size": "92.82kb",
        "changecontent": "16 Jun 4:59 PM"
    },
    {
        "id": 6,
        "pdf": "Page.psd",
        "size": "118.71mb",
        "changecontent": "14 Jun 9:00 AM"
    },
    {
        "id": 7,
        "pdf": "License.txt",
        "size": "18.7kb",
        "changecontent": "5 May 8:21 PM"
    },
     {
        "id": 8,
        "pdf": "Expenses.docx",
        "size": "66.2kb",
        "changecontent": "24 Apr 7:50 PM"
    },
    {
        "id": 9,
        "pdf": "Music.mp3",
        "size": "3.6mb",
        "changecontent": "13 Mar 2:00 PM"
    },
    {
        "id": 10,
        "pdf": "Installation.txt",
        "size": "43.9kb",
        "changecontent": "26 Feb 5:01 PM"
    },
    {
        "id": 11,
        "pdf": "Workflow.mp4",
        "size": "47.65mb",
        "changecontent": "3 Jan 11:35 AM"
    },
    {
        "id": 12,
        "pdf": "index.html",
        "size": "23.7kb",
        "changecontent": "1 Jan 8:55 Am"
    }
]