[
    {
        "id": 1,
        "no": "1",
        "goaltype": "Event Goal",
        "subject": "Test Goal",
        "target": "Lorem ipsum dollar",
        "startdate": "7 May 2019",
        "enddate": "10 May 2019",
        "description": "Lorem ipsum dollar",
        "status": "Active",
        "progress": "Completed 73%"

    },
    {
        "id": 2,
        "no": "2",
        "goaltype": "Invoice Goal",
        "subject": "Test Goal",
        "target": "Lorem ipsum dollar",
        "startdate": "7 May 2019",
        "enddate": "10 May 2019",
        "description": "Lorem ipsum dollar",
        "status": "Inactive",
        "progress": "Completed 100%"
    },
    {
        "id": 3,
        "no": "3",
        "goaltype": "Employee Goal",
        "subject": "Test Goal",
        "target": "Lorem ipsum dollar",
        "startdate": "7 May 2019",
        "enddate": "10 May 2019",
        "description": "Lorem ipsum dollar",
        "status": "Active",
        "progress": "Completed 73%"
    },
    {
        "id": 4,
        "no": "4",
        "goaltype": "Invoice Goal",
        "subject": "Test Goal",
        "target": "Lorem ipsum dollar",
        "startdate": "7 May 2019",
        "enddate": "10 May 2019",
        "description": "Lorem ipsum dollar",
        "status": "Active",
        "progress": "Completed 73%"
    },
    {
        "id": 5,
        "no": "5",
        "goaltype": "Project Goal",
        "subject": "Test Goal",
        "target": "Lorem ipsum dollar",
        "startdate": "7 May 2019",
        "enddate": "10 May 2019",
        "description": "Lorem ipsum dollar",
        "status": "Active",
        "progress": "Completed 73%"
    }
]