[
    {
        "id": 1,
        "no": "1",
        "questions": "IS management has decided to rewrite a legacy customer relations system using fourth generation languages (4GLs). Which of the following risks is MOST often associated with system development using 4GLs?",
        "optiona": "design facilities",
        "optionb": "language subsets",
        "optionc": "Lack of portability",
        "optiond": "Inability to perform data",
        "correctanswer": "A"
    },
    {
        "id": 2,
        "no": "2",
        "questions": "Which of the following would be the BEST method for ensuring that critical fields in a master record have been updated properly?",
        "optiona": "design facilities",
        "optionb": "language subsets",
        "optionc": "Lack of portability",
        "optiond": "Inability to perform data",
        "correctanswer": "A"
    }
]