[
    {
        "id": 1,
        "no": "1",
        "invoiceno": "#INV-0001",
        "client": "Global Technologies",
        "createddate": "11 Mar 2019",
        "duedate": "17 Mar 2019",
        "amount": "$2099",
        "status": "Paid"
    },
    {
        "id": 2,
        "no": "2",
        "invoiceno": "#INV-0002",
        "client": "Delta Infotech",
        "createddate": "11 Mar 2019",
        "duedate": "17 Mar 2019",
        "amount": "$2099",
        "status": "Sent"
    }
]