[
    {
        "id": 1,
        "no": "1",
        "name": "John Doe",
        "email": "johndoe@example.com",
        "phone": "9876543210",
        "applydate": "9 Feb 2019",
        "status": "New",
        "resume": "Download"
    },
    {
        "id": 2,
        "no": "2",
        "name": "Maria Sam",
        "email": "mariasam@example.com",
        "phone": "9876543210",
        "applydate": "21 Feb 2019",
        "status": "Hired",
        "resume": "Download"
    }
]