[
    {
        "id": 1,
        "title": "Web Developer",
        "job": "Development",
        "worktype": "Full Time",
        "city": "California",
        "rate": "$35000-$38000",
        "date": "2 days ago"
    },
     {
        "id": 2,
        "title": "Android Developer",
        "job": "App Development",
        "worktype": "Part Time",
        "city": "California",
        "rate": "$35000-$38000",
        "date": "2 days ago"
    },
     {
        "id": 3,
        "title": "Web Developer",
        "job": "Development",
        "worktype": "Full Time",
        "city": "California",
        "rate": "$35000-$38000",
        "date": "2 days ago"
    },
     {
        "id": 4,
        "title": "Android Developer",
        "job": "App Development",
        "worktype": "Part Time",
        "city": "California",
        "rate": "$35000-$38000",
        "date": "2 days ago"
    },
     {
        "id": 5,
        "title": "Web Developer",
        "job": "Development",
        "worktype": "Full Time",
        "city": "California",
        "rate": "$35000-$38000",
        "date": "2 days ago"
    },
     {
        "id": 6,
        "title": "Android Developer",
        "job": "App Development",
        "worktype": "Part Time",
        "city": "California",
        "rate": "$35000-$38000",
        "date": "2 days ago"
    },
     {
        "id": 7,
        "title": "Web Developer",
        "job": "Development",
        "worktype": "Full Time",
        "city": "California",
        "rate": "$35000-$38000",
        "date": "2 days ago"
    },
     {
        "id": 8,
        "title": "Android Developer",
        "job": "App Development",
        "worktype": "Part Time",
        "city": "California",
        "rate": "$35000-$38000",
        "date": "2 days ago"
    }
]