[
    {
        "id": 1,
        "title": "Installation & Activation"
    },
    {
        "id": 2,
        "title": "Premium Members Features"
    },
    {
        "id": 3,
        "title": "API Usage & Guide lines"
    },
    {
        "id": 4,
        "title": "Getting Started & What is next"
    },
    {
        "id": 5,
        "title": "Installation & Activation"
    },
    {
        "id": 6,
        "title": "Premium Members Features"
    },
    {
        "id": 7,
        "title": "API Usage & Guide lines"
    },
    {
        "id": 8,
        "title": "Getting Started & What is next"
    }
]