[
    {
        "id": 1,
        "title": "Installation & Activation",
        "titleno": "11",
        "list": "Sed ut perspiciatis unde omnis?",
        "list1": "Sed ut perspiciatis unde omnis?",
        "list2": "Sed ut perspiciatis unde omnis?",
        "list3": "Sed ut perspiciatis unde omnis?",
        "list4": "Sed ut perspiciatis unde omnis?"
    },
    {
        "id": 2,
        "title": "Premium Members Features",
        "titleno": "11",
        "list": "Sed ut perspiciatis unde omnis?",
        "list1": "Sed ut perspiciatis unde omnis?",
        "list2": "Sed ut perspiciatis unde omnis?",
        "list3": "Sed ut perspiciatis unde omnis?",
        "list4": "Sed ut perspiciatis unde omnis?"
    },
    {
        "id": 3,
        "title": "API Usage & Guide lines",
        "titleno": "11",
        "list": "Sed ut perspiciatis unde omnis?",
        "list1": "Sed ut perspiciatis unde omnis?",
        "list2": "Sed ut perspiciatis unde omnis?",
        "list3": "Sed ut perspiciatis unde omnis?",
        "list4": "Sed ut perspiciatis unde omnis?"
    },
    {
        "id": 4,
        "title": "Getting Started",
        "titleno": "11",
        "list": "Sed ut perspiciatis unde omnis?",
        "list1": "Sed ut perspiciatis unde omnis?",
        "list2": "Sed ut perspiciatis unde omnis?",
        "list3": "Sed ut perspiciatis unde omnis?",
        "list4": "Sed ut perspiciatis unde omnis?"
    },
    {
        "id": 5,
        "title": "Lorem ipsum dolor",
        "titleno": "11",
        "list": "Sed ut perspiciatis unde omnis?",
        "list1": "Sed ut perspiciatis unde omnis?",
        "list2": "Sed ut perspiciatis unde omnis?",
        "list3": "Sed ut perspiciatis unde omnis?",
        "list4": "Sed ut perspiciatis unde omnis?"
    },
    {
        "id": 6,
        "title": "Lorem ipsum dolor",
        "titleno": "11",
        "list": "Sed ut perspiciatis unde omnis?",
        "list1": "Sed ut perspiciatis unde omnis?",
        "list2": "Sed ut perspiciatis unde omnis?",
        "list3": "Sed ut perspiciatis unde omnis?",
        "list4": "Sed ut perspiciatis unde omnis?"
    },
    {
        "id": 7,
        "title": "Lorem ipsum dolor",
        "titleno": "11",
        "list": "Sed ut perspiciatis unde omnis?",
        "list1": "Sed ut perspiciatis unde omnis?",
        "list2": "Sed ut perspiciatis unde omnis?",
        "list3": "Sed ut perspiciatis unde omnis?",
        "list4": "Sed ut perspiciatis unde omnis?"
    },
    {
        "id": 8,
        "title": "Lorem ipsum dolor",
        "titleno": "11",
        "list": "Sed ut perspiciatis unde omnis?",
        "list1": "Sed ut perspiciatis unde omnis?",
        "list2": "Sed ut perspiciatis unde omnis?",
        "list3": "Sed ut perspiciatis unde omnis?",
        "list4": "Sed ut perspiciatis unde omnis?"
    },
    {
        "id": 9,
        "title": "Lorem ipsum dolor",
        "titleno": "11",
        "list": "Sed ut perspiciatis unde omnis?",
        "list1": "Sed ut perspiciatis unde omnis?",
        "list2": "Sed ut perspiciatis unde omnis?",
        "list3": "Sed ut perspiciatis unde omnis?",
        "list4": "Sed ut perspiciatis unde omnis?"
    }
]