[
     {
        "id": 1,
        "no": "1",
        "image": "avatar-11.jpg",
        "name": "Wilmer Deluna",
        "email": "wilmerdeluna@example.com",
        "phone": "9876543210",
        "project": "Hospital Administration",
        "status": "Working",
        "created": "10 hours ago"
    },
    {
        "id": 2,
        "no": "2",
        "image": "avatar-01.jpg",
        "name": "Lesley Grauer",
        "email": "lesleygrauer@example.com",
        "phone": "9876543210",
        "project": "Video Calling App",
        "status": "Working",
        "created": "5 Mar 2019"
    },
    {
        "id": 3,
        "no": "3",
        "image": "avatar-16.jpg",
        "name": "Jeffery Lalor",
        "email": "jefferylalor@example.com",
        "phone": "9876543210",
        "project": "Office Management",
        "status": "Working",
        "created": "27 Feb 2019"
    },
    {
        "id": 4,
        "no": "4",
        "image": "avatar-11.jpg",
        "name": "Wilmer Deluna",
        "email": "wilmerdeluna@example.com",
        "phone": "9876543210",
        "project": "Hospital Administration",
        "status": "Working",
        "created": "10 hours ago"
    },
    {
        "id": 5,
        "no": "5",
        "image": "avatar-01.jpg",
        "name": "Lesley Grauer",
        "email": "lesleygrauer@example.com",
        "phone": "9876543210",
        "project": "Video Calling App",
        "status": "Working",
        "created": "5 Mar 2019"
    },
    {
        "id": 6,
        "no": "6",
        "image": "avatar-16.jpg",
        "name": "Jeffery Lalor",
        "email": "jefferylalor@example.com",
        "phone": "9876543210",
        "project": "Office Management",
        "status": "Working",
        "created": "27 Feb 2019"
    },
    {
        "id": 7,
        "no": "7",
        "image": "avatar-11.jpg",
        "name": "Wilmer Deluna",
        "email": "wilmerdeluna@example.com",
        "phone": "9876543210",
        "project": "Hospital Administration",
        "status": "Working",
        "created": "10 hours ago"
    },
    {
        "id": 8,
        "no": "8",
        "image": "avatar-01.jpg",
        "name": "Lesley Grauer",
        "email": "lesleygrauer@example.com",
        "phone": "9876543210",
        "project": "Video Calling App",
        "status": "Working",
        "created": "5 Mar 2019"
    },
    {
        "id": 9,
        "no": "9",
        "image": "avatar-16.jpg",
        "name": "Jeffery Lalor",
        "email": "jefferylalor@example.com",
        "phone": "9876543210",
        "project": "Office Management",
        "status": "Working",
        "created": "27 Feb 2019"
    }
]