[
    {
        "id": 1,
        "image": "avatar-09.jpg",
        "name": "John Doe",
        "job": "Web Designer",
        "leavetype": "Medical Leave",
        "from": "27 Feb 2019",
        "to": "27 Feb 2019",
        "noofday": "1 day",
        "reason": "Going to Hospital", 
        "status": "Approved"
    },
    {
        "id": 2,
        "image": "avatar-02.jpg",
        "name": "Buster Wigton",
        "job": "Web Developer",
        "leavetype": "Hospitalisation",
        "from": "15 Jan 2019",
        "to": "25 Jan 2019",
        "noofday": "10 day",
        "reason": "Going to Hospital", 
        "status": "Approved"
    },
    {
        "id": 3,
        "image": "avatar-10.jpg",
        "name": "Catherine Manseau",
        "job": "Web Developer",
        "leavetype": "Maternity Leave",
        "from": "5 Jan 2019",
        "to": "15 Jan 2019",
        "noofday": "10 days",
        "reason": "Going to Hospital", 
        "status": "Approved"
    },
    {
        "id": 4,
        "image": "avatar-05.jpg",
        "name": "Domenic Houston",
        "job": "Web Developer",
        "leavetype": "Casual Leave",
        "from": "10 Jan 2019",
        "to": "11 Jan 2019",
        "noofday": "2 days",
        "reason": "Going to Hospital", 
        "status": "Approved"
    },
    {
        "id": 5,
        "image": "avatar-24.jpg",
        "name": "John Doe",
        "job": "Web Designer",
        "leavetype": "Casual Leave",
        "from": "9 Jan 2019",
        "to": "10 Jan 2019",
        "noofday": "2 days",
        "reason": "Going to Hospital", 
        "status": "Approved"
    },
    {
        "id": 6,
        "image": "avatar-08.jpg",
        "name": "John Smith",
        "job": "Android Developer",
        "leavetype": "LOP",
        "from": "24 Feb 2019",
        "to": "25 Feb 2019",
        "noofday": "2 days",
        "reason": "Personnal", 
        "status": "Approved"
    },
    {
        "id": 7,
        "image": "avatar-15.jpg",
        "name": "Melita Faucher",
        "job": "Web Developer",
        "leavetype": "Casual Leave",
        "from": "13 Jan 2019",
        "to": "14 Jan 2019",
        "noofday": "2 days",
        "reason": "Going to Hospital", 
        "status": "Declined"
    },
    {
        "id": 8,
        "image": "avatar-20.jpg",
        "name": "Mike Litorus",
        "job": "IOS Developer",
        "leavetype": "Paternity Leave",
        "from": "13 Feb 2019",
        "to": "17 Feb 2019",
        "noofday": "5 days",
        "reason": "Going to Hospital", 
        "status": "Declined"
    },
    {
        "id": 9,
        "image": "avatar-03.jpg",
        "name": "Richard Miles",
        "job": "Web Developer",
        "leavetype": "Casual Leave",
        "from": "8 Mar 2019",
        "to": "9 Mar 2019",
        "noofday": "2 days",
        "reason": "Going to Hospital", 
        "status": "New"
    },
    {
        "id": 10,
        "image": "avatar-20.jpg",
        "name": "Richard Parker",
        "job": "Web Developer",
        "leavetype": "Casual Leave",
        "from": "30 Jan 2019",
        "to": "31 Jan 2019",
        "noofday": "2 days",
        "reason": "Going to Hospital", 
        "status": "New"
    },
    {
        "id": 11,
        "image": "avatar-02.jpg",
        "name": "Rolland Webber",
        "job": "Web Developer",
        "leavetype": "Casual Leave",
        "from": "7 Jan 2019",
        "to": "8 Jan 2019",
        "noofday": "3 days",
        "reason": "Going to Hospital", 
        "status": "Declined"
    },
     {
        "id": 12,
        "image": "avatar-25.jpg",
        "name": "Tarah Shrosphire",
        "job": "Web Developer",
        "leavetype": "Casual Leave",
        "from": "10 Jan 2019",
        "to": "10 Jan 2019",
        "noofday": "1 day",
        "reason": "Going to Hospital", 
        "status": "New"
    }
]