[
    {
        "id": 1,
        "no": "1",
        "jobtitle": "Web Developer",
        "department": "Development",
        "jobtype": "Full Time",
        "actions": "Download Offer"
    },
    {
        "id": 2,
        "no": "2",
        "jobtitle": "Web Designer",
        "department": "Designing",
        "jobtype": "Part Time",
        "actions": "Download Offer"
    },
    {
        "id": 3,
        "no": "3",
        "jobtitle": "Android Developer",
        "department": "Android",
        "jobtype": "Internship",
        "actions": "Download Offer"
    }
]