[
    {
        "id": 1,
        "invoiceid": "#INV-0001",
        "client": "Global Technologies",
        "paymenttype": "Paypal",
        "paiddate": "8 Feb 2019",
        "paidamount": "$500"
    },
    {
        "id": 2,
        "invoiceid": "#INV-0002",
        "client": "Delta Infotech",
        "paymenttype": "Paypal",
        "paiddate": "8 Feb 2019",
        "paidamount": "$500"
    },
    {
        "id": 3,
        "invoiceid": "#INV-0003",
        "client": "Cream Inc",
        "paymenttype": "Paypal",
        "paiddate": "8 Feb 2019",
        "paidamount": "$500"
    }
]