[
    {
        "id": 1,
        "no": "1",
        "transactionid": "834521",
        "date": "2nd Dec 2020",
        "clientname": "Dreams",
        "paymentmethod": "Online",
        "invoice": "INV0001",
        "amount": "$4,329,970.7"
    },
    {
        "id": 2,
        "no": "2",
        "transactionid": "834521",
        "date": "2nd Dec 2020",
        "clientname": "Dreams",
        "paymentmethod": "Online",
        "invoice": "INV0001",
        "amount": "$4,329,970.7"
    }
]