[
    {
        "id": 1,
        "image": "avatar-13.jpg",
        "name": "Bernardo Galaviz",
        "job": "Web Developer",
        "paidamt": "$200",
        "payment": "Apr",
        "paymentyear": "2019",
        "action": "PDF"
    },
    {
        "id": 2,
        "image": "avatar-12.jpg",
        "name": "Jeffery Warden",
        "job": "Web Developer",
        "paidamt": "$300",
        "payment": "Dec",
        "paymentyear": "2020",
        "action": "PDF"
    },
    {
        "id": 3,
        "image": "avatar-02.jpg",
        "name": "John Doe",
        "job": "Web Designer",
        "paidamt": "$400",
        "payment": "Jun",
        "paymentyear": "2020",
        "action": "PDF"
    },
    {
        "id": 4,
        "image": "avatar-10.jpg",
        "name": "John Smith",
        "job": "Android Developer",
        "paidamt": "$500",
        "payment": "Feb",
        "paymentyear": "2020",
        "action": "PDF"
    },
    {
        "id": 5,
        "image": "avatar-05.jpg",
        "name": "Mike Litorus",
        "job": "IOS Developer",
        "paidamt": "$600",
        "payment": "Jan",
        "paymentyear": "2020",
        "action": "PDF"
    }
]