[
    {
        "id": 1,
        "image": "avatar-16.jpg",
        "project": "Hospital Administration",
        "projectid": "PRO-0004",
        "deadline": "17 Apr 2019",
        "priority": "High",
        "status": "Active"
    },
    {
        "id": 2,
        "image": "avatar-16.jpg",
        "project": "Hospital Administration",
        "projectid": "PRO-0008",
        "deadline": "17 Apr 2019",
        "priority": "High",
        "status": "Active"
    },
    {
        "id": 3,
        "image": "avatar-16.jpg",
        "project": "Office Management",
        "projectid": "PRO-0001",
        "deadline": "17 Apr 2019",
        "priority": "High",
        "status": "Active"
    },
    {
        "id": 4,
        "image": "avatar-16.jpg",
        "project": "Office Management",
        "projectid": "PRO-0005",
        "deadline": "17 Apr 2019",
        "priority": "High",
        "status": "Active"
    },
    {
        "id": 5,
        "image": "avatar-16.jpg",
        "project": "Office Management",
        "projectid": "PRO-0009",
        "deadline": "17 Apr 2019",
        "priority": "High",
        "status": "Active"
    },
    {
        "id": 6,
        "image": "avatar-16.jpg",
        "project": "Project Management",
        "projectid": "PRO-0002",
        "deadline": "17 Apr 2019",
        "priority": "Medium",
        "status": "Inactive"
    },
    {
        "id": 7,
        "image": "avatar-16.jpg",
        "project": "Project Management",
        "projectid": "PRO-0006",
        "deadline": "17 Apr 2019",
        "priority": "High",
        "status": "Active"
    },
    {
        "id": 8,
        "image": "avatar-16.jpg",
        "project": "Project Management",
        "projectid": "PRO-0010",
        "deadline": "17 Apr 2019",
        "priority": "High",
        "status": "Active"
    },
    {
        "id": 9,
        "image": "avatar-16.jpg",
        "project": "Video Calling App",
        "projectid": "PRO-0003",
        "deadline": "17 Apr 2019",
        "priority": "Low",
        "status": "Active"
    },
    {
        "id": 10,
        "image": "avatar-16.jpg",
        "project": "Video Calling App",
        "projectid": "PRO-0007",
        "deadline": "17 Apr 2019",
        "priority": "High",
        "status": "Active"
    },
    {
        "id": 11,
        "image": "avatar-16.jpg",
        "project": "Video Calling App",
        "projectid": "PRO-0011",
        "deadline": "17 Apr 2019",
        "priority": "High",
        "status": "Active"
    }
]