[
    {
        "id": 1,
        "no": "1",
        "image": "avatar-19.jpg",
        "projecttile": "Hospital Administration",
        "clientname": "Global Technologies",
        "startdate": "9 Jan 2021",
        "enddate": "10 Apr 2021",
        "status": "Active"
    },
    {
        "id": 2,
        "no": "2",
        "image": "avatar-29.jpg",
        "projecttile": "Office Management",
        "clientname": "Delta Infotech",
        "startdate": "10 Dec 2021",
        "enddate": "2 May 2021",
        "status": "Active"
    }
]