[
    {
        "id": 1,
        "image": "avatar-16.jpg",
        "title": "Office Management",
        "no": "1",
        "nodetail": "open tasks,",
        "no1": "9",
        "no1detail": "tasks completed",
        "description": "Lorem Ipsum is simply dummy text of the printing and typesetting industry. When an unknown printer took a galley of type and scrambled it...,",
        "title1": "Deadline",
        "title1date": "17 Apr 2019",
        "title2": "Project Leader",
        "title3": "Team",
        "title4": "Progress",
        "percentage": "40%"
    },
    {
        "id": 2,
        "image": "avatar-16.jpg",
        "title": "Project Management",
        "no": "2",
        "nodetail": "open tasks,",
        "no1": "5",
        "no1detail": "tasks completed",
        "description": "Lorem Ipsum is simply dummy text of the printing and typesetting industry. When an unknown printer took a galley of type and scrambled it...,",
        "title1": "Deadline",
        "title1date": "17 Apr 2019",
        "title2": "Project Leader",
        "title3": "Team",
        "title4": "Progress",
        "percentage": "40%"
    },
    {
        "id": 3,
        "image": "avatar-16.jpg",
        "title": "Video Calling App",
        "no": "3",
        "nodetail": "open tasks,",
        "no1": "3",
        "no1detail": "tasks completed",
        "description": "Lorem Ipsum is simply dummy text of the printing and typesetting industry. When an unknown printer took a galley of type and scrambled it...,",
        "title1": "Deadline",
        "title1date": "17 Apr 2019",
        "title2": "Project Leader",
        "title3": "Team",
        "title4": "Progress",
        "percentage": "40%"
    },
    {
        "id": 4,
        "image": "avatar-16.jpg",
        "title": "Hospital Administration",
        "no": "12",
        "nodetail": "open tasks,",
        "no1": "4",
        "no1detail": "tasks completed",
        "description": "Lorem Ipsum is simply dummy text of the printing and typesetting industry. When an unknown printer took a galley of type and scrambled it...,",
        "title1": "Deadline:",
        "title1date": "17 Apr 2019",
        "title2": "Project Leader :",
        "title3": "Team :",
        "title4": "Progress",
        "percentage": "40%"
    }
]